"","country_region_code","country_region","sub_region_1","sub_region_2","metro_area","iso_3166_2_code","census_fips_code","place_id","date","retail_and_recreation_percent_change_from_baseline","grocery_and_pharmacy_percent_change_from_baseline","parks_percent_change_from_baseline","transit_stations_percent_change_from_baseline","workplaces_percent_change_from_baseline","residential_percent_change_from_baseline"
"1","US","United States",NA,NA,NA,NA,NA,"ChIJCzYy5IS16lQRQrfeQ5K5Oxw","2020-02-15",6,2,15,3,2,-1
"2","US","United States",NA,NA,NA,NA,NA,"ChIJCzYy5IS16lQRQrfeQ5K5Oxw","2020-02-16",7,1,16,2,0,-1
"3","US","United States",NA,NA,NA,NA,NA,"ChIJCzYy5IS16lQRQrfeQ5K5Oxw","2020-02-17",6,0,28,-9,-24,5
"4","US","United States",NA,NA,NA,NA,NA,"ChIJCzYy5IS16lQRQrfeQ5K5Oxw","2020-02-18",0,-1,6,1,0,1
"5","US","United States",NA,NA,NA,NA,NA,"ChIJCzYy5IS16lQRQrfeQ5K5Oxw","2020-02-19",2,0,8,1,1,0
"6","US","United States",NA,NA,NA,NA,NA,"ChIJCzYy5IS16lQRQrfeQ5K5Oxw","2020-02-20",1,0,4,0,0,1
"7","US","United States",NA,NA,NA,NA,NA,"ChIJCzYy5IS16lQRQrfeQ5K5Oxw","2020-02-21",2,-2,4,1,0,0
"8","US","United States",NA,NA,NA,NA,NA,"ChIJCzYy5IS16lQRQrfeQ5K5Oxw","2020-02-22",7,3,23,5,4,-1
"9","US","United States",NA,NA,NA,NA,NA,"ChIJCzYy5IS16lQRQrfeQ5K5Oxw","2020-02-23",7,3,23,5,2,-1
"10","US","United States",NA,NA,NA,NA,NA,"ChIJCzYy5IS16lQRQrfeQ5K5Oxw","2020-02-24",2,1,9,1,3,0
"11","US","United States",NA,NA,NA,NA,NA,"ChIJCzYy5IS16lQRQrfeQ5K5Oxw","2020-02-25",4,1,9,2,2,0
"12","US","United States",NA,NA,NA,NA,NA,"ChIJCzYy5IS16lQRQrfeQ5K5Oxw","2020-02-26",7,2,5,3,2,-1
"13","US","United States",NA,NA,NA,NA,NA,"ChIJCzYy5IS16lQRQrfeQ5K5Oxw","2020-02-27",8,3,12,4,2,0
"14","US","United States",NA,NA,NA,NA,NA,"ChIJCzYy5IS16lQRQrfeQ5K5Oxw","2020-02-28",8,3,10,5,2,-1
"15","US","United States",NA,NA,NA,NA,NA,"ChIJCzYy5IS16lQRQrfeQ5K5Oxw","2020-02-29",12,7,21,7,4,-2
"16","US","United States",NA,NA,NA,NA,NA,"ChIJCzYy5IS16lQRQrfeQ5K5Oxw","2020-03-01",13,9,18,7,3,-1
"17","US","United States",NA,NA,NA,NA,NA,"ChIJCzYy5IS16lQRQrfeQ5K5Oxw","2020-03-02",7,6,10,2,3,-1
"18","US","United States",NA,NA,NA,NA,NA,"ChIJCzYy5IS16lQRQrfeQ5K5Oxw","2020-03-03",11,10,20,3,2,-1
"19","US","United States",NA,NA,NA,NA,NA,"ChIJCzYy5IS16lQRQrfeQ5K5Oxw","2020-03-04",8,6,17,2,3,-1
"20","US","United States",NA,NA,NA,NA,NA,"ChIJCzYy5IS16lQRQrfeQ5K5Oxw","2020-03-05",8,7,21,2,3,-1
"21","US","United States",NA,NA,NA,NA,NA,"ChIJCzYy5IS16lQRQrfeQ5K5Oxw","2020-03-06",5,3,12,2,2,-1
"22","US","United States",NA,NA,NA,NA,NA,"ChIJCzYy5IS16lQRQrfeQ5K5Oxw","2020-03-07",10,8,29,7,5,-1
"23","US","United States",NA,NA,NA,NA,NA,"ChIJCzYy5IS16lQRQrfeQ5K5Oxw","2020-03-08",10,7,40,5,2,-1
"24","US","United States",NA,NA,NA,NA,NA,"ChIJCzYy5IS16lQRQrfeQ5K5Oxw","2020-03-09",6,6,31,-1,0,0
"25","US","United States",NA,NA,NA,NA,NA,"ChIJCzYy5IS16lQRQrfeQ5K5Oxw","2020-03-10",6,7,18,-3,-2,1
"26","US","United States",NA,NA,NA,NA,NA,"ChIJCzYy5IS16lQRQrfeQ5K5Oxw","2020-03-11",8,10,26,-2,-1,0
"27","US","United States",NA,NA,NA,NA,NA,"ChIJCzYy5IS16lQRQrfeQ5K5Oxw","2020-03-12",6,23,19,-6,-3,1
"28","US","United States",NA,NA,NA,NA,NA,"ChIJCzYy5IS16lQRQrfeQ5K5Oxw","2020-03-13",2,26,4,-10,-7,3
"29","US","United States",NA,NA,NA,NA,NA,"ChIJCzYy5IS16lQRQrfeQ5K5Oxw","2020-03-14",-6,18,3,-10,-1,3
"30","US","United States",NA,NA,NA,NA,NA,"ChIJCzYy5IS16lQRQrfeQ5K5Oxw","2020-03-15",-9,12,5,-13,-7,3
"31","US","United States",NA,NA,NA,NA,NA,"ChIJCzYy5IS16lQRQrfeQ5K5Oxw","2020-03-16",-8,21,-1,-22,-20,8
"32","US","United States",NA,NA,NA,NA,NA,"ChIJCzYy5IS16lQRQrfeQ5K5Oxw","2020-03-17",-18,14,8,-26,-27,11
"33","US","United States",NA,NA,NA,NA,NA,"ChIJCzYy5IS16lQRQrfeQ5K5Oxw","2020-03-18",-24,8,6,-30,-31,13
"34","US","United States",NA,NA,NA,NA,NA,"ChIJCzYy5IS16lQRQrfeQ5K5Oxw","2020-03-19",-28,7,2,-36,-33,15
"35","US","United States",NA,NA,NA,NA,NA,"ChIJCzYy5IS16lQRQrfeQ5K5Oxw","2020-03-20",-32,5,-2,-37,-36,16
"36","US","United States",NA,NA,NA,NA,NA,"ChIJCzYy5IS16lQRQrfeQ5K5Oxw","2020-03-21",-40,-2,-3,-36,-24,12
"37","US","United States",NA,NA,NA,NA,NA,"ChIJCzYy5IS16lQRQrfeQ5K5Oxw","2020-03-22",-44,-13,-12,-44,-31,11
"38","US","United States",NA,NA,NA,NA,NA,"ChIJCzYy5IS16lQRQrfeQ5K5Oxw","2020-03-23",-38,-10,-23,-47,-41,17
"39","US","United States",NA,NA,NA,NA,NA,"ChIJCzYy5IS16lQRQrfeQ5K5Oxw","2020-03-24",-39,-12,-10,-46,-45,19
"40","US","United States",NA,NA,NA,NA,NA,"ChIJCzYy5IS16lQRQrfeQ5K5Oxw","2020-03-25",-40,-15,-7,-47,-46,19
"41","US","United States",NA,NA,NA,NA,NA,"ChIJCzYy5IS16lQRQrfeQ5K5Oxw","2020-03-26",-40,-14,3,-48,-47,20
"42","US","United States",NA,NA,NA,NA,NA,"ChIJCzYy5IS16lQRQrfeQ5K5Oxw","2020-03-27",-42,-16,-7,-49,-46,21
"43","US","United States",NA,NA,NA,NA,NA,"ChIJCzYy5IS16lQRQrfeQ5K5Oxw","2020-03-28",-48,-19,-25,-49,-34,15
"44","US","United States",NA,NA,NA,NA,NA,"ChIJCzYy5IS16lQRQrfeQ5K5Oxw","2020-03-29",-47,-22,-19,-51,-38,12
"45","US","United States",NA,NA,NA,NA,NA,"ChIJCzYy5IS16lQRQrfeQ5K5Oxw","2020-03-30",-40,-18,-15,-50,-48,19
"46","US","United States",NA,NA,NA,NA,NA,"ChIJCzYy5IS16lQRQrfeQ5K5Oxw","2020-03-31",-40,-16,-16,-49,-49,20
"47","US","United States",NA,NA,NA,NA,NA,"ChIJCzYy5IS16lQRQrfeQ5K5Oxw","2020-04-01",-37,-11,-7,-48,-49,20
"48","US","United States",NA,NA,NA,NA,NA,"ChIJCzYy5IS16lQRQrfeQ5K5Oxw","2020-04-02",-40,-11,-9,-51,-50,21
"49","US","United States",NA,NA,NA,NA,NA,"ChIJCzYy5IS16lQRQrfeQ5K5Oxw","2020-04-03",-42,-12,-21,-51,-50,22
"50","US","United States",NA,NA,NA,NA,NA,"ChIJCzYy5IS16lQRQrfeQ5K5Oxw","2020-04-04",-48,-15,-24,-50,-37,15
"51","US","United States",NA,NA,NA,NA,NA,"ChIJCzYy5IS16lQRQrfeQ5K5Oxw","2020-04-05",-49,-20,-20,-54,-40,13
"52","US","United States",NA,NA,NA,NA,NA,"ChIJCzYy5IS16lQRQrfeQ5K5Oxw","2020-04-06",-42,-16,-10,-52,-50,20
"53","US","United States",NA,NA,NA,NA,NA,"ChIJCzYy5IS16lQRQrfeQ5K5Oxw","2020-04-07",-42,-14,-2,-51,-51,21
"54","US","United States",NA,NA,NA,NA,NA,"ChIJCzYy5IS16lQRQrfeQ5K5Oxw","2020-04-08",-42,-15,-6,-51,-51,21
"55","US","United States",NA,NA,NA,NA,NA,"ChIJCzYy5IS16lQRQrfeQ5K5Oxw","2020-04-09",-43,-13,-21,-54,-52,22
"56","US","United States",NA,NA,NA,NA,NA,"ChIJCzYy5IS16lQRQrfeQ5K5Oxw","2020-04-10",-43,-13,-21,-54,-56,24
"57","US","United States",NA,NA,NA,NA,NA,"ChIJCzYy5IS16lQRQrfeQ5K5Oxw","2020-04-11",-45,-7,-16,-49,-38,14
"58","US","United States",NA,NA,NA,NA,NA,"ChIJCzYy5IS16lQRQrfeQ5K5Oxw","2020-04-12",-63,-39,-36,-56,-45,13
"59","US","United States",NA,NA,NA,NA,NA,"ChIJCzYy5IS16lQRQrfeQ5K5Oxw","2020-04-13",-45,-22,-31,-55,-51,21
"60","US","United States",NA,NA,NA,NA,NA,"ChIJCzYy5IS16lQRQrfeQ5K5Oxw","2020-04-14",-40,-16,-15,-50,-50,20
"61","US","United States",NA,NA,NA,NA,NA,"ChIJCzYy5IS16lQRQrfeQ5K5Oxw","2020-04-15",-36,-13,-16,-49,-49,20
"62","US","United States",NA,NA,NA,NA,NA,"ChIJCzYy5IS16lQRQrfeQ5K5Oxw","2020-04-16",-39,-13,-14,-50,-49,21
"63","US","United States",NA,NA,NA,NA,NA,"ChIJCzYy5IS16lQRQrfeQ5K5Oxw","2020-04-17",-42,-17,-22,-51,-48,22
"64","US","United States",NA,NA,NA,NA,NA,"ChIJCzYy5IS16lQRQrfeQ5K5Oxw","2020-04-18",-45,-15,-20,-47,-33,14
"65","US","United States",NA,NA,NA,NA,NA,"ChIJCzYy5IS16lQRQrfeQ5K5Oxw","2020-04-19",-45,-19,-10,-50,-37,11
"66","US","United States",NA,NA,NA,NA,NA,"ChIJCzYy5IS16lQRQrfeQ5K5Oxw","2020-04-20",-39,-16,-7,-49,-48,19
"67","US","United States",NA,NA,NA,NA,NA,"ChIJCzYy5IS16lQRQrfeQ5K5Oxw","2020-04-21",-38,-14,-8,-49,-49,20
"68","US","United States",NA,NA,NA,NA,NA,"ChIJCzYy5IS16lQRQrfeQ5K5Oxw","2020-04-22",-38,-14,-9,-48,-49,20
"69","US","United States",NA,NA,NA,NA,NA,"ChIJCzYy5IS16lQRQrfeQ5K5Oxw","2020-04-23",-40,-14,-14,-50,-49,21
"70","US","United States",NA,NA,NA,NA,NA,"ChIJCzYy5IS16lQRQrfeQ5K5Oxw","2020-04-24",-40,-16,-14,-50,-48,21
"71","US","United States",NA,NA,NA,NA,NA,"ChIJCzYy5IS16lQRQrfeQ5K5Oxw","2020-04-25",-41,-11,2,-42,-32,12
"72","US","United States",NA,NA,NA,NA,NA,"ChIJCzYy5IS16lQRQrfeQ5K5Oxw","2020-04-26",-42,-16,-11,-48,-36,11
"73","US","United States",NA,NA,NA,NA,NA,"ChIJCzYy5IS16lQRQrfeQ5K5Oxw","2020-04-27",-35,-13,-4,-48,-46,18
"74","US","United States",NA,NA,NA,NA,NA,"ChIJCzYy5IS16lQRQrfeQ5K5Oxw","2020-04-28",-34,-10,6,-45,-48,12
"75","US","United States",NA,NA,NA,NA,NA,"ChIJCzYy5IS16lQRQrfeQ5K5Oxw","2020-04-29",-34,-11,-7,-46,-47,19
"76","US","United States",NA,NA,NA,NA,NA,"ChIJCzYy5IS16lQRQrfeQ5K5Oxw","2020-04-30",-34,-9,-7,-47,-47,19
"77","US","United States",NA,NA,NA,NA,NA,"ChIJCzYy5IS16lQRQrfeQ5K5Oxw","2020-05-01",-32,-7,7,-43,-45,18
"78","US","United States",NA,NA,NA,NA,NA,"ChIJCzYy5IS16lQRQrfeQ5K5Oxw","2020-05-02",-34,-4,28,-35,-29,10
"79","US","United States",NA,NA,NA,NA,NA,"ChIJCzYy5IS16lQRQrfeQ5K5Oxw","2020-05-03",-34,-8,22,-40,-31,8
"80","US","United States",NA,NA,NA,NA,NA,"ChIJCzYy5IS16lQRQrfeQ5K5Oxw","2020-05-04",-29,-7,5,-44,-44,16
"81","US","United States",NA,NA,NA,NA,NA,"ChIJCzYy5IS16lQRQrfeQ5K5Oxw","2020-05-05",-28,-3,5,-43,-45,17
"82","US","United States",NA,NA,NA,NA,NA,"ChIJCzYy5IS16lQRQrfeQ5K5Oxw","2020-05-06",-29,-6,6,-43,-44,17
"83","US","United States",NA,NA,NA,NA,NA,"ChIJCzYy5IS16lQRQrfeQ5K5Oxw","2020-05-07",-29,-3,21,-42,-44,17
"84","US","United States",NA,NA,NA,NA,NA,"ChIJCzYy5IS16lQRQrfeQ5K5Oxw","2020-05-08",-32,-5,-2,-43,-43,18
"85","US","United States",NA,NA,NA,NA,NA,"ChIJCzYy5IS16lQRQrfeQ5K5Oxw","2020-05-09",-30,7,9,-35,-26,9
"86","US","United States",NA,NA,NA,NA,NA,"ChIJCzYy5IS16lQRQrfeQ5K5Oxw","2020-05-10",-30,1,6,-37,-27,7
"87","US","United States",NA,NA,NA,NA,NA,"ChIJCzYy5IS16lQRQrfeQ5K5Oxw","2020-05-11",-31,-11,-3,-44,-42,16
"88","US","United States",NA,NA,NA,NA,NA,"ChIJCzYy5IS16lQRQrfeQ5K5Oxw","2020-05-12",-28,-6,10,-41,-43,16
"89","US","United States",NA,NA,NA,NA,NA,"ChIJCzYy5IS16lQRQrfeQ5K5Oxw","2020-05-13",-26,-5,18,-40,-42,16
"90","US","United States",NA,NA,NA,NA,NA,"ChIJCzYy5IS16lQRQrfeQ5K5Oxw","2020-05-14",-28,-5,17,-42,-43,17
"91","US","United States",NA,NA,NA,NA,NA,"ChIJCzYy5IS16lQRQrfeQ5K5Oxw","2020-05-15",-29,-7,21,-40,-42,16
"92","US","United States",NA,NA,NA,NA,NA,"ChIJCzYy5IS16lQRQrfeQ5K5Oxw","2020-05-16",-30,-3,32,-34,-24,9
"93","US","United States",NA,NA,NA,NA,NA,"ChIJCzYy5IS16lQRQrfeQ5K5Oxw","2020-05-17",-30,-8,17,-39,-25,8
"94","US","United States",NA,NA,NA,NA,NA,"ChIJCzYy5IS16lQRQrfeQ5K5Oxw","2020-05-18",-26,-8,2,-43,-40,15
"95","US","United States",NA,NA,NA,NA,NA,"ChIJCzYy5IS16lQRQrfeQ5K5Oxw","2020-05-19",-24,-4,15,-40,-41,15
"96","US","United States",NA,NA,NA,NA,NA,"ChIJCzYy5IS16lQRQrfeQ5K5Oxw","2020-05-20",-22,-3,23,-38,-41,15
"97","US","United States",NA,NA,NA,NA,NA,"ChIJCzYy5IS16lQRQrfeQ5K5Oxw","2020-05-21",-22,-1,31,-37,-41,15
"98","US","United States",NA,NA,NA,NA,NA,"ChIJCzYy5IS16lQRQrfeQ5K5Oxw","2020-05-22",-24,-2,31,-36,-41,15
"99","US","United States",NA,NA,NA,NA,NA,"ChIJCzYy5IS16lQRQrfeQ5K5Oxw","2020-05-23",-27,0,43,-30,-21,7
"100","US","United States",NA,NA,NA,NA,NA,"ChIJCzYy5IS16lQRQrfeQ5K5Oxw","2020-05-24",-25,-2,57,-33,-24,5
"101","US","United States",NA,NA,NA,NA,NA,"ChIJCzYy5IS16lQRQrfeQ5K5Oxw","2020-05-25",-28,-8,60,-48,-72,20
"102","US","United States",NA,NA,NA,NA,NA,"ChIJCzYy5IS16lQRQrfeQ5K5Oxw","2020-05-26",-22,-3,28,-37,-39,14
"103","US","United States",NA,NA,NA,NA,NA,"ChIJCzYy5IS16lQRQrfeQ5K5Oxw","2020-05-27",-21,-4,32,-37,-38,14
"104","US","United States",NA,NA,NA,NA,NA,"ChIJCzYy5IS16lQRQrfeQ5K5Oxw","2020-05-28",-21,-2,26,-37,-38,14
"105","US","United States",NA,NA,NA,NA,NA,"ChIJCzYy5IS16lQRQrfeQ5K5Oxw","2020-05-29",-23,-5,29,-36,-37,14
"106","US","United States",NA,NA,NA,NA,NA,"ChIJCzYy5IS16lQRQrfeQ5K5Oxw","2020-05-30",-24,-1,48,-26,-12,6
"107","US","United States",NA,NA,NA,NA,NA,"ChIJCzYy5IS16lQRQrfeQ5K5Oxw","2020-05-31",-23,-4,47,-30,-16,5
"108","US","United States",NA,NA,NA,NA,NA,"ChIJCzYy5IS16lQRQrfeQ5K5Oxw","2020-06-01",-18,-2,28,-36,-37,12
"109","US","United States",NA,NA,NA,NA,NA,"ChIJCzYy5IS16lQRQrfeQ5K5Oxw","2020-06-02",-18,0,35,-36,-37,13
"110","US","United States",NA,NA,NA,NA,NA,"ChIJCzYy5IS16lQRQrfeQ5K5Oxw","2020-06-03",-16,1,33,-35,-37,13
"111","US","United States",NA,NA,NA,NA,NA,"ChIJCzYy5IS16lQRQrfeQ5K5Oxw","2020-06-04",-18,1,40,-35,-37,13
"112","US","United States",NA,NA,NA,NA,NA,"ChIJCzYy5IS16lQRQrfeQ5K5Oxw","2020-06-05",-20,-2,34,-34,-36,13
"113","US","United States",NA,NA,NA,NA,NA,"ChIJCzYy5IS16lQRQrfeQ5K5Oxw","2020-06-06",-21,1,51,-25,-13,5
"114","US","United States",NA,NA,NA,NA,NA,"ChIJCzYy5IS16lQRQrfeQ5K5Oxw","2020-06-07",-19,-2,53,-28,-16,4
"115","US","United States",NA,NA,NA,NA,NA,"ChIJCzYy5IS16lQRQrfeQ5K5Oxw","2020-06-08",-16,-2,39,-34,-36,11
"116","US","United States",NA,NA,NA,NA,NA,"ChIJCzYy5IS16lQRQrfeQ5K5Oxw","2020-06-09",-16,-1,36,-34,-36,12
"117","US","United States",NA,NA,NA,NA,NA,"ChIJCzYy5IS16lQRQrfeQ5K5Oxw","2020-06-10",-14,-1,40,-33,-36,12
"118","US","United States",NA,NA,NA,NA,NA,"ChIJCzYy5IS16lQRQrfeQ5K5Oxw","2020-06-11",-15,0,49,-33,-36,12
"119","US","United States",NA,NA,NA,NA,NA,"ChIJCzYy5IS16lQRQrfeQ5K5Oxw","2020-06-12",-17,-1,57,-30,-35,11
"120","US","United States",NA,NA,NA,NA,NA,"ChIJCzYy5IS16lQRQrfeQ5K5Oxw","2020-06-13",-18,2,74,-20,-10,4
"121","US","United States",NA,NA,NA,NA,NA,"ChIJCzYy5IS16lQRQrfeQ5K5Oxw","2020-06-14",-16,-2,68,-23,-13,3
"122","US","United States",NA,NA,NA,NA,NA,"ChIJCzYy5IS16lQRQrfeQ5K5Oxw","2020-06-15",-14,-2,45,-32,-35,11
"123","US","United States",NA,NA,NA,NA,NA,"ChIJCzYy5IS16lQRQrfeQ5K5Oxw","2020-06-16",-13,1,57,-31,-36,11
"124","US","United States",NA,NA,NA,NA,NA,"ChIJCzYy5IS16lQRQrfeQ5K5Oxw","2020-06-17",-12,0,58,-31,-36,11
"125","US","United States",NA,NA,NA,NA,NA,"ChIJCzYy5IS16lQRQrfeQ5K5Oxw","2020-06-18",-13,1,59,-31,-36,11
"126","US","United States",NA,NA,NA,NA,NA,"ChIJCzYy5IS16lQRQrfeQ5K5Oxw","2020-06-19",-15,0,60,-28,-36,9
"127","US","United States",NA,NA,NA,NA,NA,"ChIJCzYy5IS16lQRQrfeQ5K5Oxw","2020-06-20",-17,6,69,-20,-11,3
"128","US","United States",NA,NA,NA,NA,NA,"ChIJCzYy5IS16lQRQrfeQ5K5Oxw","2020-06-21",-17,2,59,-23,-13,2
"129","US","United States",NA,NA,NA,NA,NA,"ChIJCzYy5IS16lQRQrfeQ5K5Oxw","2020-06-22",-16,-5,43,-32,-38,11
"130","US","United States",NA,NA,NA,NA,NA,"ChIJCzYy5IS16lQRQrfeQ5K5Oxw","2020-06-23",-13,0,54,-30,-38,11
"131","US","United States",NA,NA,NA,NA,NA,"ChIJCzYy5IS16lQRQrfeQ5K5Oxw","2020-06-24",-12,-1,57,-30,-36,11
"132","US","United States",NA,NA,NA,NA,NA,"ChIJCzYy5IS16lQRQrfeQ5K5Oxw","2020-06-25",-13,1,64,-29,-36,11
"133","US","United States",NA,NA,NA,NA,NA,"ChIJCzYy5IS16lQRQrfeQ5K5Oxw","2020-06-26",-17,-3,57,-28,-36,11
"134","US","United States",NA,NA,NA,NA,NA,"ChIJCzYy5IS16lQRQrfeQ5K5Oxw","2020-06-27",-19,-1,62,-20,-12,4
"135","US","United States",NA,NA,NA,NA,NA,"ChIJCzYy5IS16lQRQrfeQ5K5Oxw","2020-06-28",-17,-4,55,-22,-12,3
"136","US","United States",NA,NA,NA,NA,NA,"ChIJCzYy5IS16lQRQrfeQ5K5Oxw","2020-06-29",-13,-3,46,-31,-36,10
"137","US","United States",NA,NA,NA,NA,NA,"ChIJCzYy5IS16lQRQrfeQ5K5Oxw","2020-06-30",-10,1,50,-30,-37,11
"138","US","United States",NA,NA,NA,NA,NA,"ChIJCzYy5IS16lQRQrfeQ5K5Oxw","2020-07-01",-7,4,54,-27,-37,10
"139","US","United States",NA,NA,NA,NA,NA,"ChIJCzYy5IS16lQRQrfeQ5K5Oxw","2020-07-02",-4,11,77,-24,-39,10
"140","US","United States",NA,NA,NA,NA,NA,"ChIJCzYy5IS16lQRQrfeQ5K5Oxw","2020-07-03",-10,11,86,-30,-57,14
"141","US","United States",NA,NA,NA,NA,NA,"ChIJCzYy5IS16lQRQrfeQ5K5Oxw","2020-07-04",-35,-2,81,-30,-28,5
"142","US","United States",NA,NA,NA,NA,NA,"ChIJCzYy5IS16lQRQrfeQ5K5Oxw","2020-07-05",-22,-10,53,-23,-19,3
"143","US","United States",NA,NA,NA,NA,NA,"ChIJCzYy5IS16lQRQrfeQ5K5Oxw","2020-07-06",-13,-2,48,-30,-41,11
"144","US","United States",NA,NA,NA,NA,NA,"ChIJCzYy5IS16lQRQrfeQ5K5Oxw","2020-07-07",-13,0,51,-29,-39,11
"145","US","United States",NA,NA,NA,NA,NA,"ChIJCzYy5IS16lQRQrfeQ5K5Oxw","2020-07-08",-12,-1,52,-30,-37,11
"146","US","United States",NA,NA,NA,NA,NA,"ChIJCzYy5IS16lQRQrfeQ5K5Oxw","2020-07-09",-13,1,59,-30,-38,11
"147","US","United States",NA,NA,NA,NA,NA,"ChIJCzYy5IS16lQRQrfeQ5K5Oxw","2020-07-10",-18,-4,43,-31,-37,11
"148","US","United States",NA,NA,NA,NA,NA,"ChIJCzYy5IS16lQRQrfeQ5K5Oxw","2020-07-11",-19,0,62,-21,-12,4
"149","US","United States",NA,NA,NA,NA,NA,"ChIJCzYy5IS16lQRQrfeQ5K5Oxw","2020-07-12",-17,-3,64,-23,-15,3
"150","US","United States",NA,NA,NA,NA,NA,"ChIJCzYy5IS16lQRQrfeQ5K5Oxw","2020-07-13",-13,-2,53,-31,-38,10
"151","US","United States",NA,NA,NA,NA,NA,"ChIJCzYy5IS16lQRQrfeQ5K5Oxw","2020-07-14",-12,0,59,-31,-38,11
"152","US","United States",NA,NA,NA,NA,NA,"ChIJCzYy5IS16lQRQrfeQ5K5Oxw","2020-07-15",-12,-1,56,-31,-37,11
"153","US","United States",NA,NA,NA,NA,NA,"ChIJCzYy5IS16lQRQrfeQ5K5Oxw","2020-07-16",-13,0,62,-31,-37,11
"154","US","United States",NA,NA,NA,NA,NA,"ChIJCzYy5IS16lQRQrfeQ5K5Oxw","2020-07-17",-17,-3,54,-29,-37,11
"155","US","United States",NA,NA,NA,NA,NA,"ChIJCzYy5IS16lQRQrfeQ5K5Oxw","2020-07-18",-19,-1,74,-21,-13,4
"156","US","United States",NA,NA,NA,NA,NA,"ChIJCzYy5IS16lQRQrfeQ5K5Oxw","2020-07-19",-17,-4,60,-24,-16,3
"157","US","United States",NA,NA,NA,NA,NA,"ChIJCzYy5IS16lQRQrfeQ5K5Oxw","2020-07-20",-14,-4,51,-32,-38,10
"158","US","United States",NA,NA,NA,NA,NA,"ChIJCzYy5IS16lQRQrfeQ5K5Oxw","2020-07-21",-13,-2,54,-32,-38,11
"159","US","United States",NA,NA,NA,NA,NA,"ChIJCzYy5IS16lQRQrfeQ5K5Oxw","2020-07-22",-13,-3,47,-32,-37,11
"160","US","United States",NA,NA,NA,NA,NA,"ChIJCzYy5IS16lQRQrfeQ5K5Oxw","2020-07-23",-14,-2,55,-31,-37,11
"161","US","United States",NA,NA,NA,NA,NA,"ChIJCzYy5IS16lQRQrfeQ5K5Oxw","2020-07-24",-17,-4,55,-30,-37,11
"162","US","United States",NA,NA,NA,NA,NA,"ChIJCzYy5IS16lQRQrfeQ5K5Oxw","2020-07-25",-19,-2,77,-21,-13,4
"163","US","United States",NA,NA,NA,NA,NA,"ChIJCzYy5IS16lQRQrfeQ5K5Oxw","2020-07-26",-17,-5,65,-24,-16,3
"164","US","United States",NA,NA,NA,NA,NA,"ChIJCzYy5IS16lQRQrfeQ5K5Oxw","2020-07-27",-14,-4,48,-32,-38,10
"165","US","United States",NA,NA,NA,NA,NA,"ChIJCzYy5IS16lQRQrfeQ5K5Oxw","2020-07-28",-14,-3,53,-32,-38,11
"166","US","United States",NA,NA,NA,NA,NA,"ChIJCzYy5IS16lQRQrfeQ5K5Oxw","2020-07-29",-13,-3,56,-31,-38,10
"167","US","United States",NA,NA,NA,NA,NA,"ChIJCzYy5IS16lQRQrfeQ5K5Oxw","2020-07-30",-13,-2,56,-31,-38,11
"168","US","United States",NA,NA,NA,NA,NA,"ChIJCzYy5IS16lQRQrfeQ5K5Oxw","2020-07-31",-14,-2,56,-28,-37,10
"169","US","United States",NA,NA,NA,NA,NA,"ChIJCzYy5IS16lQRQrfeQ5K5Oxw","2020-08-01",-17,0,69,-20,-14,4
"170","US","United States",NA,NA,NA,NA,NA,"ChIJCzYy5IS16lQRQrfeQ5K5Oxw","2020-08-02",-16,-4,52,-24,-17,3
"171","US","United States",NA,NA,NA,NA,NA,"ChIJCzYy5IS16lQRQrfeQ5K5Oxw","2020-08-03",-12,-1,47,-31,-38,10
"172","US","United States",NA,NA,NA,NA,NA,"ChIJCzYy5IS16lQRQrfeQ5K5Oxw","2020-08-04",-13,-3,48,-33,-39,11
"173","US","United States",NA,NA,NA,NA,NA,"ChIJCzYy5IS16lQRQrfeQ5K5Oxw","2020-08-05",-11,-2,61,-30,-37,10
"174","US","United States",NA,NA,NA,NA,NA,"ChIJCzYy5IS16lQRQrfeQ5K5Oxw","2020-08-06",-13,-2,62,-30,-37,10
"175","US","United States",NA,NA,NA,NA,NA,"ChIJCzYy5IS16lQRQrfeQ5K5Oxw","2020-08-07",-15,-5,57,-29,-37,10
"176","US","United States",NA,NA,NA,NA,NA,"ChIJCzYy5IS16lQRQrfeQ5K5Oxw","2020-08-08",-17,-1,79,-20,-13,3
"177","US","United States",NA,NA,NA,NA,NA,"ChIJCzYy5IS16lQRQrfeQ5K5Oxw","2020-08-09",-15,-4,66,-22,-16,2
"178","US","United States",NA,NA,NA,NA,NA,"ChIJCzYy5IS16lQRQrfeQ5K5Oxw","2020-08-10",-14,-5,47,-32,-38,9
"179","US","United States",NA,NA,NA,NA,NA,"ChIJCzYy5IS16lQRQrfeQ5K5Oxw","2020-08-11",-13,-3,57,-31,-38,10
"180","US","United States",NA,NA,NA,NA,NA,"ChIJCzYy5IS16lQRQrfeQ5K5Oxw","2020-08-12",-13,-4,51,-32,-37,10
"181","US","United States",NA,NA,NA,NA,NA,"ChIJCzYy5IS16lQRQrfeQ5K5Oxw","2020-08-13",-14,-3,53,-31,-37,10
"182","US","United States",NA,NA,NA,NA,NA,"ChIJCzYy5IS16lQRQrfeQ5K5Oxw","2020-08-14",-16,-5,53,-29,-37,10
"183","US","United States",NA,NA,NA,NA,NA,"ChIJCzYy5IS16lQRQrfeQ5K5Oxw","2020-08-15",-18,-2,67,-21,-14,3
"184","US","United States",NA,NA,NA,NA,NA,"ChIJCzYy5IS16lQRQrfeQ5K5Oxw","2020-08-16",-16,-5,48,-24,-17,3
"185","US","United States",NA,NA,NA,NA,NA,"ChIJCzYy5IS16lQRQrfeQ5K5Oxw","2020-08-17",-15,-6,42,-32,-38,9
"186","US","United States",NA,NA,NA,NA,NA,"ChIJCzYy5IS16lQRQrfeQ5K5Oxw","2020-08-18",-14,-4,50,-32,-36,10
"187","US","United States",NA,NA,NA,NA,NA,"ChIJCzYy5IS16lQRQrfeQ5K5Oxw","2020-08-19",-14,-5,44,-32,-36,10
"188","US","United States",NA,NA,NA,NA,NA,"ChIJCzYy5IS16lQRQrfeQ5K5Oxw","2020-08-20",-14,-4,53,-31,-36,10
"189","US","United States",NA,NA,NA,NA,NA,"ChIJCzYy5IS16lQRQrfeQ5K5Oxw","2020-08-21",-16,-6,48,-29,-36,9
"190","US","United States",NA,NA,NA,NA,NA,"ChIJCzYy5IS16lQRQrfeQ5K5Oxw","2020-08-22",-17,-2,66,-21,-12,3
"191","US","United States",NA,NA,NA,NA,NA,"ChIJCzYy5IS16lQRQrfeQ5K5Oxw","2020-08-23",-16,-5,50,-23,-15,3
"192","US","United States",NA,NA,NA,NA,NA,"ChIJCzYy5IS16lQRQrfeQ5K5Oxw","2020-08-24",-16,-7,32,-33,-36,10
"193","US","United States",NA,NA,NA,NA,NA,"ChIJCzYy5IS16lQRQrfeQ5K5Oxw","2020-08-25",-15,-4,37,-33,-37,10
"194","US","United States",NA,NA,NA,NA,NA,"ChIJCzYy5IS16lQRQrfeQ5K5Oxw","2020-08-26",-14,-5,42,-32,-35,10
"195","US","United States",NA,NA,NA,NA,NA,"ChIJCzYy5IS16lQRQrfeQ5K5Oxw","2020-08-27",-16,-6,41,-32,-36,10
"196","US","United States",NA,NA,NA,NA,NA,"ChIJCzYy5IS16lQRQrfeQ5K5Oxw","2020-08-28",-17,-8,37,-30,-35,9
"197","US","United States",NA,NA,NA,NA,NA,"ChIJCzYy5IS16lQRQrfeQ5K5Oxw","2020-08-29",-17,-4,49,-23,-13,4
"198","US","United States",NA,NA,NA,NA,NA,"ChIJCzYy5IS16lQRQrfeQ5K5Oxw","2020-08-30",-15,-6,59,-22,-15,2
"199","US","United States",NA,NA,NA,NA,NA,"ChIJCzYy5IS16lQRQrfeQ5K5Oxw","2020-08-31",-15,-7,30,-32,-35,9
"200","US","United States",NA,NA,NA,NA,NA,"ChIJCzYy5IS16lQRQrfeQ5K5Oxw","2020-09-01",-12,-2,36,-31,-36,9
"201","US","United States",NA,NA,NA,NA,NA,"ChIJCzYy5IS16lQRQrfeQ5K5Oxw","2020-09-02",-13,-5,35,-32,-35,9
"202","US","United States",NA,NA,NA,NA,NA,"ChIJCzYy5IS16lQRQrfeQ5K5Oxw","2020-09-03",-11,-1,45,-28,-35,8
"203","US","United States",NA,NA,NA,NA,NA,"ChIJCzYy5IS16lQRQrfeQ5K5Oxw","2020-09-04",-13,-2,55,-25,-36,8
"204","US","United States",NA,NA,NA,NA,NA,"ChIJCzYy5IS16lQRQrfeQ5K5Oxw","2020-09-05",-15,0,81,-18,-17,2
"205","US","United States",NA,NA,NA,NA,NA,"ChIJCzYy5IS16lQRQrfeQ5K5Oxw","2020-09-06",-13,-3,81,-24,-18,1
"206","US","United States",NA,NA,NA,NA,NA,"ChIJCzYy5IS16lQRQrfeQ5K5Oxw","2020-09-07",-16,-7,75,-40,-71,16
"207","US","United States",NA,NA,NA,NA,NA,"ChIJCzYy5IS16lQRQrfeQ5K5Oxw","2020-09-08",-16,-5,24,-31,-37,9
"208","US","United States",NA,NA,NA,NA,NA,"ChIJCzYy5IS16lQRQrfeQ5K5Oxw","2020-09-09",-16,-7,24,-32,-35,9
"209","US","United States",NA,NA,NA,NA,NA,"ChIJCzYy5IS16lQRQrfeQ5K5Oxw","2020-09-10",-16,-6,27,-32,-35,9
"210","US","United States",NA,NA,NA,NA,NA,"ChIJCzYy5IS16lQRQrfeQ5K5Oxw","2020-09-11",-17,-8,35,-30,-33,8
"211","US","United States",NA,NA,NA,NA,NA,"ChIJCzYy5IS16lQRQrfeQ5K5Oxw","2020-09-12",-16,-4,50,-22,-12,3
"212","US","United States",NA,NA,NA,NA,NA,"ChIJCzYy5IS16lQRQrfeQ5K5Oxw","2020-09-13",-16,-6,38,-25,-15,3
"213","US","United States",NA,NA,NA,NA,NA,"ChIJCzYy5IS16lQRQrfeQ5K5Oxw","2020-09-14",-16,-7,30,-33,-32,8
"214","US","United States",NA,NA,NA,NA,NA,"ChIJCzYy5IS16lQRQrfeQ5K5Oxw","2020-09-15",-14,-5,36,-32,-33,9
"215","US","United States",NA,NA,NA,NA,NA,"ChIJCzYy5IS16lQRQrfeQ5K5Oxw","2020-09-16",-15,-8,36,-32,-33,9
"216","US","United States",NA,NA,NA,NA,NA,"ChIJCzYy5IS16lQRQrfeQ5K5Oxw","2020-09-17",-16,-7,34,-32,-33,9
"217","US","United States",NA,NA,NA,NA,NA,"ChIJCzYy5IS16lQRQrfeQ5K5Oxw","2020-09-18",-15,-7,35,-30,-32,8
"218","US","United States",NA,NA,NA,NA,NA,"ChIJCzYy5IS16lQRQrfeQ5K5Oxw","2020-09-19",-13,-2,62,-21,-11,2
"219","US","United States",NA,NA,NA,NA,NA,"ChIJCzYy5IS16lQRQrfeQ5K5Oxw","2020-09-20",-14,-6,46,-24,-14,2
"220","US","United States",NA,NA,NA,NA,NA,"ChIJCzYy5IS16lQRQrfeQ5K5Oxw","2020-09-21",-16,-8,25,-33,-33,9
"221","US","United States",NA,NA,NA,NA,NA,"ChIJCzYy5IS16lQRQrfeQ5K5Oxw","2020-09-22",-15,-6,28,-34,-33,9
"222","US","United States",NA,NA,NA,NA,NA,"ChIJCzYy5IS16lQRQrfeQ5K5Oxw","2020-09-23",-15,-7,27,-33,-32,9
"223","US","United States",NA,NA,NA,NA,NA,"ChIJCzYy5IS16lQRQrfeQ5K5Oxw","2020-09-24",-16,-7,25,-33,-32,9
"224","US","United States",NA,NA,NA,NA,NA,"ChIJCzYy5IS16lQRQrfeQ5K5Oxw","2020-09-25",-16,-8,25,-31,-31,8
"225","US","United States",NA,NA,NA,NA,NA,"ChIJCzYy5IS16lQRQrfeQ5K5Oxw","2020-09-26",-15,-3,52,-23,-10,2
"226","US","United States",NA,NA,NA,NA,NA,"ChIJCzYy5IS16lQRQrfeQ5K5Oxw","2020-09-27",-15,-7,35,-25,-13,2
"227","US","United States",NA,NA,NA,NA,NA,"ChIJCzYy5IS16lQRQrfeQ5K5Oxw","2020-09-28",-17,-8,12,-35,-32,9
"228","US","United States",NA,NA,NA,NA,NA,"ChIJCzYy5IS16lQRQrfeQ5K5Oxw","2020-09-29",-16,-7,11,-35,-32,9
"229","US","United States",NA,NA,NA,NA,NA,"ChIJCzYy5IS16lQRQrfeQ5K5Oxw","2020-09-30",-14,-5,17,-33,-32,8
"230","US","United States",NA,NA,NA,NA,NA,"ChIJCzYy5IS16lQRQrfeQ5K5Oxw","2020-10-01",-13,-2,21,-31,-30,8
"231","US","United States",NA,NA,NA,NA,NA,"ChIJCzYy5IS16lQRQrfeQ5K5Oxw","2020-10-02",-14,-5,18,-29,-30,8
"232","US","United States",NA,NA,NA,NA,NA,"ChIJCzYy5IS16lQRQrfeQ5K5Oxw","2020-10-03",-13,-1,42,-20,-11,2
"233","US","United States",NA,NA,NA,NA,NA,"ChIJCzYy5IS16lQRQrfeQ5K5Oxw","2020-10-04",-14,-5,25,-24,-14,2
"234","US","United States",NA,NA,NA,NA,NA,"ChIJCzYy5IS16lQRQrfeQ5K5Oxw","2020-10-05",-15,-5,15,-32,-32,8
"235","US","United States",NA,NA,NA,NA,NA,"ChIJCzYy5IS16lQRQrfeQ5K5Oxw","2020-10-06",-15,-4,25,-32,-32,8
"236","US","United States",NA,NA,NA,NA,NA,"ChIJCzYy5IS16lQRQrfeQ5K5Oxw","2020-10-07",-15,-6,24,-33,-31,8
"237","US","United States",NA,NA,NA,NA,NA,"ChIJCzYy5IS16lQRQrfeQ5K5Oxw","2020-10-08",-15,-5,29,-31,-31,9
"238","US","United States",NA,NA,NA,NA,NA,"ChIJCzYy5IS16lQRQrfeQ5K5Oxw","2020-10-09",-16,-7,30,-29,-31,8
"239","US","United States",NA,NA,NA,NA,NA,"ChIJCzYy5IS16lQRQrfeQ5K5Oxw","2020-10-10",-16,-4,46,-22,-11,3
"240","US","United States",NA,NA,NA,NA,NA,"ChIJCzYy5IS16lQRQrfeQ5K5Oxw","2020-10-11",-16,-7,25,-25,-14,3
"241","US","United States",NA,NA,NA,NA,NA,"ChIJCzYy5IS16lQRQrfeQ5K5Oxw","2020-10-12",-17,-9,9,-36,-37,10
"242","US","United States",NA,NA,NA,NA,NA,"ChIJCzYy5IS16lQRQrfeQ5K5Oxw","2020-10-13",-17,-6,18,-33,-32,9
"243","US","United States",NA,NA,NA,NA,NA,"ChIJCzYy5IS16lQRQrfeQ5K5Oxw","2020-10-14",-14,-6,25,-31,-30,9
"244","US","United States",NA,NA,NA,NA,NA,"ChIJCzYy5IS16lQRQrfeQ5K5Oxw","2020-10-15",-15,-5,23,-30,-31,9
"245","US","United States",NA,NA,NA,NA,NA,"ChIJCzYy5IS16lQRQrfeQ5K5Oxw","2020-10-16",-17,-8,8,-30,-31,9
"246","US","United States",NA,NA,NA,NA,NA,"ChIJCzYy5IS16lQRQrfeQ5K5Oxw","2020-10-17",-14,-3,41,-20,-11,3
"247","US","United States",NA,NA,NA,NA,NA,"ChIJCzYy5IS16lQRQrfeQ5K5Oxw","2020-10-18",-16,-7,18,-23,-14,3
"248","US","United States",NA,NA,NA,NA,NA,"ChIJCzYy5IS16lQRQrfeQ5K5Oxw","2020-10-19",-18,-9,4,-33,-31,9
"249","US","United States",NA,NA,NA,NA,NA,"ChIJCzYy5IS16lQRQrfeQ5K5Oxw","2020-10-20",-17,-7,10,-32,-31,9
"250","US","United States",NA,NA,NA,NA,NA,"ChIJCzYy5IS16lQRQrfeQ5K5Oxw","2020-10-21",-16,-7,13,-32,-30,9
"251","US","United States",NA,NA,NA,NA,NA,"ChIJCzYy5IS16lQRQrfeQ5K5Oxw","2020-10-22",-16,-6,20,-31,-30,9
"252","US","United States",NA,NA,NA,NA,NA,"ChIJCzYy5IS16lQRQrfeQ5K5Oxw","2020-10-23",-17,-8,10,-30,-30,9
"253","US","United States",NA,NA,NA,NA,NA,"ChIJCzYy5IS16lQRQrfeQ5K5Oxw","2020-10-24",-16,-4,28,-23,-10,3
"254","US","United States",NA,NA,NA,NA,NA,"ChIJCzYy5IS16lQRQrfeQ5K5Oxw","2020-10-25",-18,-8,1,-27,-15,4
"255","US","United States",NA,NA,NA,NA,NA,"ChIJCzYy5IS16lQRQrfeQ5K5Oxw","2020-10-26",-19,-9,-9,-34,-31,10
"256","US","United States",NA,NA,NA,NA,NA,"ChIJCzYy5IS16lQRQrfeQ5K5Oxw","2020-10-27",-17,-7,1,-33,-31,10
"257","US","United States",NA,NA,NA,NA,NA,"ChIJCzYy5IS16lQRQrfeQ5K5Oxw","2020-10-28",-16,-7,-2,-34,-30,10
"258","US","United States",NA,NA,NA,NA,NA,"ChIJCzYy5IS16lQRQrfeQ5K5Oxw","2020-10-29",-17,-7,-6,-35,-31,10
"259","US","United States",NA,NA,NA,NA,NA,"ChIJCzYy5IS16lQRQrfeQ5K5Oxw","2020-10-30",-14,-4,1,-32,-30,8
"260","US","United States",NA,NA,NA,NA,NA,"ChIJCzYy5IS16lQRQrfeQ5K5Oxw","2020-10-31",-16,2,27,-23,-10,3
"261","US","United States",NA,NA,NA,NA,NA,"ChIJCzYy5IS16lQRQrfeQ5K5Oxw","2020-11-01",-18,-9,-5,-29,-15,4
"262","US","United States",NA,NA,NA,NA,NA,"ChIJCzYy5IS16lQRQrfeQ5K5Oxw","2020-11-02",-17,-7,-6,-35,-31,9
"263","US","United States",NA,NA,NA,NA,NA,"ChIJCzYy5IS16lQRQrfeQ5K5Oxw","2020-11-03",-11,-2,14,-34,-33,9
"264","US","United States",NA,NA,NA,NA,NA,"ChIJCzYy5IS16lQRQrfeQ5K5Oxw","2020-11-04",-18,-10,4,-36,-30,10
"265","US","United States",NA,NA,NA,NA,NA,"ChIJCzYy5IS16lQRQrfeQ5K5Oxw","2020-11-05",-18,-8,7,-34,-30,10
"266","US","United States",NA,NA,NA,NA,NA,"ChIJCzYy5IS16lQRQrfeQ5K5Oxw","2020-11-06",-18,-10,6,-33,-29,9
"267","US","United States",NA,NA,NA,NA,NA,"ChIJCzYy5IS16lQRQrfeQ5K5Oxw","2020-11-07",-16,-6,23,-27,-10,4
"268","US","United States",NA,NA,NA,NA,NA,"ChIJCzYy5IS16lQRQrfeQ5K5Oxw","2020-11-08",-17,-9,13,-29,-14,4
"269","US","United States",NA,NA,NA,NA,NA,"ChIJCzYy5IS16lQRQrfeQ5K5Oxw","2020-11-09",-19,-9,-3,-36,-31,10
"270","US","United States",NA,NA,NA,NA,NA,"ChIJCzYy5IS16lQRQrfeQ5K5Oxw","2020-11-10",-18,-7,-2,-35,-31,10
"271","US","United States",NA,NA,NA,NA,NA,"ChIJCzYy5IS16lQRQrfeQ5K5Oxw","2020-11-11",-15,-8,-10,-39,-38,12
"272","US","United States",NA,NA,NA,NA,NA,"ChIJCzYy5IS16lQRQrfeQ5K5Oxw","2020-11-12",-20,-9,-12,-37,-32,11
"273","US","United States",NA,NA,NA,NA,NA,"ChIJCzYy5IS16lQRQrfeQ5K5Oxw","2020-11-13",-19,-9,-11,-35,-30,11
"274","US","United States",NA,NA,NA,NA,NA,"ChIJCzYy5IS16lQRQrfeQ5K5Oxw","2020-11-14",-18,-6,2,-29,-10,5
"275","US","United States",NA,NA,NA,NA,NA,"ChIJCzYy5IS16lQRQrfeQ5K5Oxw","2020-11-15",-19,-9,-8,-32,-15,5
"276","US","United States",NA,NA,NA,NA,NA,"ChIJCzYy5IS16lQRQrfeQ5K5Oxw","2020-11-16",-20,-8,-10,-37,-31,10
"277","US","United States",NA,NA,NA,NA,NA,"ChIJCzYy5IS16lQRQrfeQ5K5Oxw","2020-11-17",-20,-7,-12,-37,-32,11
"278","US","United States",NA,NA,NA,NA,NA,"ChIJCzYy5IS16lQRQrfeQ5K5Oxw","2020-11-18",-19,-7,-13,-37,-32,11
"279","US","United States",NA,NA,NA,NA,NA,"ChIJCzYy5IS16lQRQrfeQ5K5Oxw","2020-11-19",-19,-6,-6,-36,-31,11
"280","US","United States",NA,NA,NA,NA,NA,"ChIJCzYy5IS16lQRQrfeQ5K5Oxw","2020-11-20",-20,-8,-5,-33,-30,11
"281","US","United States",NA,NA,NA,NA,NA,"ChIJCzYy5IS16lQRQrfeQ5K5Oxw","2020-11-21",-20,-4,4,-26,-10,5
"282","US","United States",NA,NA,NA,NA,NA,"ChIJCzYy5IS16lQRQrfeQ5K5Oxw","2020-11-22",-20,-7,-13,-32,-14,5
"283","US","United States",NA,NA,NA,NA,NA,"ChIJCzYy5IS16lQRQrfeQ5K5Oxw","2020-11-23",-16,-2,-12,-37,-35,11
"284","US","United States",NA,NA,NA,NA,NA,"ChIJCzYy5IS16lQRQrfeQ5K5Oxw","2020-11-24",-12,6,-9,-33,-36,11
"285","US","United States",NA,NA,NA,NA,NA,"ChIJCzYy5IS16lQRQrfeQ5K5Oxw","2020-11-25",-3,23,-7,-30,-40,10
"286","US","United States",NA,NA,NA,NA,NA,"ChIJCzYy5IS16lQRQrfeQ5K5Oxw","2020-11-26",-70,-30,-13,-60,-81,23
"287","US","United States",NA,NA,NA,NA,NA,"ChIJCzYy5IS16lQRQrfeQ5K5Oxw","2020-11-27",-26,-20,2,-47,-60,19
"288","US","United States",NA,NA,NA,NA,NA,"ChIJCzYy5IS16lQRQrfeQ5K5Oxw","2020-11-28",-26,-15,-1,-32,-18,7
"289","US","United States",NA,NA,NA,NA,NA,"ChIJCzYy5IS16lQRQrfeQ5K5Oxw","2020-11-29",-23,-15,-12,-28,-16,6
"290","US","United States",NA,NA,NA,NA,NA,"ChIJCzYy5IS16lQRQrfeQ5K5Oxw","2020-11-30",-21,-12,-27,-39,-34,12
"291","US","United States",NA,NA,NA,NA,NA,"ChIJCzYy5IS16lQRQrfeQ5K5Oxw","2020-12-01",-18,-5,-18,-36,-33,11
"292","US","United States",NA,NA,NA,NA,NA,"ChIJCzYy5IS16lQRQrfeQ5K5Oxw","2020-12-02",-19,-8,-16,-38,-32,11
"293","US","United States",NA,NA,NA,NA,NA,"ChIJCzYy5IS16lQRQrfeQ5K5Oxw","2020-12-03",-18,-5,-13,-37,-32,11
"294","US","United States",NA,NA,NA,NA,NA,"ChIJCzYy5IS16lQRQrfeQ5K5Oxw","2020-12-04",-20,-9,-17,-38,-30,12
"295","US","United States",NA,NA,NA,NA,NA,"ChIJCzYy5IS16lQRQrfeQ5K5Oxw","2020-12-05",-20,-6,-9,-33,-9,6
"296","US","United States",NA,NA,NA,NA,NA,"ChIJCzYy5IS16lQRQrfeQ5K5Oxw","2020-12-06",-20,-9,-14,-35,-14,5
"297","US","United States",NA,NA,NA,NA,NA,"ChIJCzYy5IS16lQRQrfeQ5K5Oxw","2020-12-07",-21,-9,-22,-40,-33,11
"298","US","United States",NA,NA,NA,NA,NA,"ChIJCzYy5IS16lQRQrfeQ5K5Oxw","2020-12-08",-20,-8,-18,-40,-32,11
"299","US","United States",NA,NA,NA,NA,NA,"ChIJCzYy5IS16lQRQrfeQ5K5Oxw","2020-12-09",-19,-8,-12,-39,-32,11
"300","US","United States",NA,NA,NA,NA,NA,"ChIJCzYy5IS16lQRQrfeQ5K5Oxw","2020-12-10",-19,-6,-9,-38,-32,11
"301","US","United States",NA,NA,NA,NA,NA,"ChIJCzYy5IS16lQRQrfeQ5K5Oxw","2020-12-11",-21,-9,-16,-38,-31,12
"302","US","United States",NA,NA,NA,NA,NA,"ChIJCzYy5IS16lQRQrfeQ5K5Oxw","2020-12-12",-20,-5,-11,-32,-10,6
"303","US","United States",NA,NA,NA,NA,NA,"ChIJCzYy5IS16lQRQrfeQ5K5Oxw","2020-12-13",-21,-8,-16,-35,-15,6
"304","US","United States",NA,NA,NA,NA,NA,"ChIJCzYy5IS16lQRQrfeQ5K5Oxw","2020-12-14",-20,-8,-28,-41,-33,11
"305","US","United States",NA,NA,NA,NA,NA,"ChIJCzYy5IS16lQRQrfeQ5K5Oxw","2020-12-15",-17,-2,-21,-38,-33,11
"306","US","United States",NA,NA,NA,NA,NA,"ChIJCzYy5IS16lQRQrfeQ5K5Oxw","2020-12-16",-20,-6,-27,-41,-34,13
"307","US","United States",NA,NA,NA,NA,NA,"ChIJCzYy5IS16lQRQrfeQ5K5Oxw","2020-12-17",-22,-9,-24,-43,-37,14
"308","US","United States",NA,NA,NA,NA,NA,"ChIJCzYy5IS16lQRQrfeQ5K5Oxw","2020-12-18",-19,-7,-22,-36,-32,12
"309","US","United States",NA,NA,NA,NA,NA,"ChIJCzYy5IS16lQRQrfeQ5K5Oxw","2020-12-19",-18,-2,-16,-25,-10,6
"310","US","United States",NA,NA,NA,NA,NA,"ChIJCzYy5IS16lQRQrfeQ5K5Oxw","2020-12-20",-17,-4,-19,-29,-13,5
"311","US","United States",NA,NA,NA,NA,NA,"ChIJCzYy5IS16lQRQrfeQ5K5Oxw","2020-12-21",-8,3,-9,-35,-37,10
"312","US","United States",NA,NA,NA,NA,NA,"ChIJCzYy5IS16lQRQrfeQ5K5Oxw","2020-12-22",-5,10,-6,-33,-38,10
"313","US","United States",NA,NA,NA,NA,NA,"ChIJCzYy5IS16lQRQrfeQ5K5Oxw","2020-12-23",2,24,-8,-30,-40,10
"314","US","United States",NA,NA,NA,NA,NA,"ChIJCzYy5IS16lQRQrfeQ5K5Oxw","2020-12-24",-16,27,-21,-43,-61,16
"315","US","United States",NA,NA,NA,NA,NA,"ChIJCzYy5IS16lQRQrfeQ5K5Oxw","2020-12-25",-82,-61,-38,-67,-83,27
"316","US","United States",NA,NA,NA,NA,NA,"ChIJCzYy5IS16lQRQrfeQ5K5Oxw","2020-12-26",-31,-18,-21,-37,-26,9
"317","US","United States",NA,NA,NA,NA,NA,"ChIJCzYy5IS16lQRQrfeQ5K5Oxw","2020-12-27",-27,-18,-12,-31,-18,7
"318","US","United States",NA,NA,NA,NA,NA,"ChIJCzYy5IS16lQRQrfeQ5K5Oxw","2020-12-28",-17,-9,-12,-40,-44,14
"319","US","United States",NA,NA,NA,NA,NA,"ChIJCzYy5IS16lQRQrfeQ5K5Oxw","2020-12-29",-17,-6,-8,-39,-45,14
"320","US","United States",NA,NA,NA,NA,NA,"ChIJCzYy5IS16lQRQrfeQ5K5Oxw","2020-12-30",-13,0,-11,-37,-44,14
"321","US","United States",NA,NA,NA,NA,NA,"ChIJCzYy5IS16lQRQrfeQ5K5Oxw","2020-12-31",-9,19,-12,-42,-52,15
